time,open,high,low,close
727972200,43.9688,43.96899,43.75,43.938
728577000,43.96875,45.09375,43.96875,44.96875
729181800,44.96875,45.125,44.53125,44.59375
729786600,44.46875,44.46875,42.8125,43.5625
730391400,43.6875,44.4375,43.46875,44.40625
730996200,44.5625,45.1875,44.21875,44.75
731601000,44.84375,45.84375,44.8125,45.09375
732205800,45.0625,45.5,44.96875,45.03125
732810600,44.59375,45.25,44.5625,44.90625
733415400,44.9375,45.46875,44.09375,44.09375
734016600,44.4375,44.53125,44.0625,44.28125
734621400,44.71875,45.15625,44.65625,44.9375
735226200,44.9375,45.0625,43.6875,43.75
735831000,43.78125,44.28125,43.28125,44.03125
736435800,44.09375,44.75,43.90625,44.34375
737040600,44.40625,44.6875,43.96875,44
737645400,44.125,45.25,43.84375,44.75
738250200,44.84375,45.65625,44.84375,45.21875
738855000,45.375,45.8125,45.09375,45.28125
739459800,45.375,45.375,44.71875,45.09375
740064600,45.15625,45.1875,44.5,44.5
740669400,44.625,44.90625,44.21875,44.78125
741274200,45,45.28125,44.53125,44.6875
741879000,44.625,44.96875,44.15625,44.96875
742483800,44.90625,45.1875,44.65625,44.75
743088600,44.75,44.84375,44.46875,44.71875
743693400,44.84375,45.21875,44.78125,44.84375
744298200,44.90625,45.1875,44.84375,44.96875
744903000,45.09375,45.34375,44.90625,45.125
745507800,45.15625,45.875,45.15625,45.8125
746112600,45.625,46.53125,45.625,46.25
746717400,46.28125,46.59375,46.25,46.375
747322200,46.375,46.4375,45.59375,46.40625
747927000,46.5625,46.5625,45.75,45.8125
748531800,45.875,45.96875,44.8125,45.78125
749136600,46.125,46.3125,45.8125,46.15625
749741400,46.21875,46.375,45.71875,46.0625
750346200,46.15625,47.15625,46.15625,47.0625
750951000,47.03125,47.03125,46.375,46.375
751555800,46.40625,46.96875,46.28125,46.84375
752164200,46.78125,47,45.53125,46.0625
752769000,46.09375,46.75,45.96875,46.59375
753373800,46.6875,46.8125,46.21875,46.3125
753978600,46.1875,46.59375,45.875,46.5
754583400,46.625,46.71875,46.25,46.71875
755188200,46.78125,46.9375,46.5,46.59375
755793000,46.59375,46.90625,46.375,46.5625
756397800,46.53125,46.84375,46.40625,46.75
757002600,46.75,47.15625,46.5625,46.59375
757607400,46.59375,47.0625,46.40625,47.03125
758212200,47.09375,47.59375,46.96875,47.40625
758817000,47.40625,47.53125,47.25,47.375
759421800,47.34375,48.03125,47.09375,47.875
760026600,48.0625,48.3125,46.96875,46.96875
760631400,46.84375,47.4375,46.8125,47.15625
761236200,47.0625,47.6875,46.75,46.875
761841000,47,47.4375,46.5625,46.8125
762445800,46.9375,47.0625,45.9375,46.6875
763050600,46.875,47,46.4375,46.84375
763655400,47.03125,47.3125,46.71875,46.96875
764260200,46.8125,47.0625,45.9375,45.9375
764865000,46,46.0625,43.53125,44.59375
765466200,43.34375,45.125,43.34375,44.6875
766071000,44.8125,45.0625,44.25,44.59375
766675800,44.64062,45.04687,43.98437,44.85937
767280600,44.84375,45.35937,44.8125,45.09375
767885400,45.09375,45.71875,44.59375,44.75
768490200,44.625,44.84375,44.17187,44.51562
769095000,44.60937,45.85937,44.5,45.5625
769699800,45.51562,45.9375,45.34375,45.875
770304600,45.73437,46.39062,45.5625,46.23437
770909400,46.32812,46.46875,45.78125,46.10937
771514200,46.04687,46.5625,45.8125,45.875
772119000,45.54687,45.625,44,44.0625
772723800,44.23437,45.01562,44.01562,44.5625
773328600,44.65625,44.98437,44.46875,44.90625
773933400,44.9375,45.48437,44.51562,45.39062
774538200,45.39062,45.57812,45.0625,45.34375
775143000,45.35937,46.04687,45.17187,45.90625
775747800,45.9375,46.375,45.65625,45.78125
776352600,45.82812,46.34375,45.71875,46.32812
776957400,46.375,46.73437,46.15625,46.42187
777562200,46.4375,47.78125,46.28125,47.6875
778167000,47.8125,47.98437,47.21875,47.29687
778771800,47.26562,47.5625,46.8125,47
779376600,47,47.64062,46.78125,47.01562
779981400,47.125,47.32812,45.73437,45.90625
780586200,46.07812,46.53125,45.98437,46.17187
781191000,46.20312,46.29687,45,45.45312
781795800,45.65625,47.32812,45.64062,47.04687
782400600,47,47.23437,46.35937,46.5625
783005400,46.57812,47.70312,46,47.65625
783613800,47.54687,47.59375,46.32812,46.32812
784218600,46.3125,47.32812,46.28125,46.40625
784823400,46.60937,47.09375,46.26562,46.46875
785428200,46.4375,46.57812,44.60937,45.46875
786033000,45.45312,45.95312,45.04687,45.5625
786637800,45.65625,45.8125,44.6875,45.04687
787242600,44.95312,46.03125,44.95312,45.75
787847400,45.75,46.26562,45.60937,46.0625
788452200,46.21875,46.40625,45.5625,45.5625
789057000,45.70312,46.25,45.6875,46.04687
789661800,46.03125,46.73437,45.8125,46.73437
790266600,46.71875,47.07812,46.45312,46.54687
790871400,46.23437,47.23437,46.20312,47.10937
791476200,47.01562,48.10937,46.84375,48.03125
792081000,48.01562,48.46875,47.96875,48.35937
792685800,48.32812,48.76562,48.25,48.45312
793290600,48.45312,49.15625,48.42187,49
793895400,48.85937,49.03125,48.48437,48.78125
794500200,48.45312,49.39062,48.21875,49.26562
795105000,49.23437,49.8125,49.17187,49.5625
795709800,49.625,50.21875,49.32812,50.21875
796314600,50.29687,50.89062,49.54687,50.10937
796915800,50.09375,50.85937,50.0625,50.70312
797520600,50.625,51.09375,50.59375,51.07812
798125400,51.26562,51.3125,50.29687,50.89062
798730200,50.85937,51.67187,50.85937,51.59375
799335000,51.54687,52.6875,51.39062,52.1875
799939800,52.14062,52.875,52.09375,52.75
800544600,52.89062,53.15625,51.90625,52.09375
801149400,52.26562,53.42187,52.23437,52.5625
801754200,52.6875,53.92187,52.375,53.54687
802359000,53.54687,54.04687,52.75,53.0625
802963800,53.23437,54.23437,53.20312,53.96875
803568600,54.125,55.15625,54.09375,55.01562
804173400,54.85937,54.95312,54.0625,54.40625
804778200,54.46875,55.78125,54.46875,55.76562
805383000,55.8125,56.3125,55.45312,56.04687
805987800,56.125,56.42187,54.20312,55.40625
806592600,55.48437,56.70312,55.48437,56.29687
807197400,56.34375,56.79687,55.45312,55.98437
807802200,56.10937,56.3125,55.42187,55.65625
808407000,55.79687,56.40625,55.65625,56.17187
809011800,56.40625,56.64062,55.75,56.29687
809616600,56.45312,56.75,55.76562,56.65625
810221400,56.82812,57.54687,56.73437,57.54687
810826200,57.64062,58.8125,57.57812,58.4375
811431000,58.23437,58.78125,57.78125,58.3125
812035800,58.375,58.90625,57.59375,58.48437
812640600,58.48437,58.625,57.95312,58.40625
813245400,58.1875,58.85937,57.26562,58.625
813850200,58.45312,59.1875,58.29687,58.82812
814455000,58.54687,58.89062,57.28125,58.1875
815063400,58.32812,59.25,58.23437,59.23437
815668200,59.21875,59.60937,58.625,59.53125
816273000,59.42187,60.20312,59.07812,60.1875
816877800,60.28125,60.375,59.85937,60.32812
817482600,60.45312,61.20312,60.15625,60.98437
818087400,61.125,62.53125,61.04687,62.15625
818692200,62.28125,62.79687,61.59375,61.8125
819297000,61.26562,61.51562,60.57812,61.20312
819901800,61.45312,61.65625,61.25,61.48437
820506600,61.40625,62.625,61.17187,61.59375
821111400,61.8125,62.0625,59.64062,60.23437
821716200,60.25,61.42187,59.85937,61.26562
822321000,61.21875,62.26562,61.10937,62.23437
822925800,62.1875,64.01562,62.14062,63.64062
823530600,63.53125,66.375,63.4375,65.82812
824135400,65.95312,66.6875,64.73437,64.9375
824740200,64.4375,66.60937,63.875,65.9375
825345000,65.75,65.89062,63.60937,64.89062
825949800,65.03125,65.96875,62,63.5
826554600,63.25,64.8125,62.90625,64.125
827159400,64.71875,66,64.57812,65.15625
827764200,65.75,65.8125,64.375,64.6875
828369000,65,65.71875,64.79687,65.51562
828970200,63.875,64.64062,62.125,63.71875
829575000,64.04687,64.85937,63.84375,64.53125
830179800,65.125,65.8125,64.59375,65.4375
830784600,65.15625,65.79687,63.75,64.3125
831389400,64.5625,65.59375,63.07812,65.375
831994200,65.53125,67.3125,65.46875,67.1875
832599000,67.65625,68.4375,66.98437,68.17187
833203800,68.375,68.375,66.75,66.875
833808600,66.89062,68.5,66.1875,67.625
834413400,67.53125,68.03125,66.71875,66.9375
835018200,66.96875,67.21875,66.1875,66.8125
835623000,66.96875,67.5,66.15625,67.10937
836227800,67.28125,67.70312,65.375,65.57812
836832600,65.625,65.98437,63.875,64.5625
837437400,64.71875,64.71875,60.375,63.96875
838042200,63.53125,63.9375,61.625,63.71875
838647000,63.625,66.59375,62.9375,66.5625
839251800,66.57812,66.76562,65.79687,66.21875
839856600,66.25,66.875,66,66.84375
840461400,66.85937,67.34375,66.375,66.85937
841066200,66.70312,67,65.125,65.32812
841671000,64.46875,66.75,64.375,65.9375
842275800,66.1875,68.625,66.07812,68.5625
842880600,68.65625,69.15625,68.21875,68.64062
843485400,68.46875,69.25,68.15625,68.6875
844090200,68.78125,70.34375,68.4375,70.34375
844695000,70.3125,70.6875,69.375,70.3125
845299800,70.3125,71.3125,69.9375,71.21875
845904600,71.28125,71.625,70.125,70.3125
846513000,70.375,71.15625,69.70312,70.59375
847117800,70.6875,73.4375,70.53125,73.42187
847722600,73.25,74.5,73.01562,74.03125
848327400,74.17187,75.25,73.73437,75.17187
848932200,75.25,76.6875,75.07812,76.01562
849537000,75.92187,76.57812,72.65625,74.3125
850141800,74.6875,75.67187,72.40625,73.3125
850746600,73.5,75.71875,71.875,74.84375
851351400,75.09375,76.03125,74.32812,75.875
851956200,76.125,76.125,72.75,75.09375
852561000,75.09375,76.25,74.125,76.125
853165800,76.5,77.75,75.64062,77.5625
853770600,77.75,79.6875,76.75,76.75
854375400,76.875,79.40625,76,78.40625
854980200,78.71875,79.46875,77.125,79.21875
855585000,79.25,81.5625,78.125,81.1875
856189800,81.34375,82,80.14062,80.375
856794600,79.96875,81.53125,79.0625,79.15625
857399400,78.75,81.15625,78.6875,80.84375
858004200,80.9375,81.79687,79.0625,79.6875
858609000,79.25,80.10937,77.875,78.4375
859213800,78.5,79.96875,76.15625,77
859818600,75.6875,76.1875,74.15625,75.84375
860419800,76.1875,77.04687,73.375,73.375
861024600,73.73437,77,73.3125,76.5625
861629400,76.75,78.28125,75.46875,76.53125
862234200,76.5,81.67187,76.375,81.4375
862839000,81.65625,83.5625,81.1875,82.625
863443800,82.9375,84.59375,82.875,83.21875
864048600,83.3125,85.21875,82.75,84.78125
864653400,84.375,85.5625,83.125,85.15625
865258200,85.34375,86.4375,84.07812,86.375
865863000,86.4375,90,86.34375,89.71875
866467800,89.75,90.5,88.9375,89.57812
867072600,89.40625,90.25,87.34375,88.90625
867677400,88.90625,92.15625,87.875,92.0625
868282200,92.375,92.5,90.03125,91.78125
868887000,91.89062,94.09375,91.0625,91.29687
869491800,91.28125,94.8125,90.6875,94.03125
870096600,94.25,96.03125,93.42187,94.9375
870701400,94.78125,96.625,92.40625,93.375
871306200,93.75,94.54687,89.625,89.78125
871911000,90.375,94.3125,89.34375,92.5625
872515800,92.78125,93.40625,89.71875,90.375
873120600,90.6875,94.4375,90.59375,93.14062
873725400,93.71875,94.28125,90.25,92.65625
874330200,92.65625,96.375,92.1875,95.03125
874935000,95.5,96.20312,93.625,94.46875
875539800,94.5,97.75,94.15625,96.64062
876144600,97.3125,98.5,96.21875,96.875
876749400,97.34375,97.54687,93,94.28125
877354200,94.84375,97.5,93.67187,94
877962600,93.01562,93.9375,84.375,92.0625
878567400,93.1875,95.28125,91.4375,92.9375
879172200,93.625,93.84375,90.09375,93.0625
879777000,94.375,96.8125,93.6875,96.75
880381800,96,96.34375,94.625,95.625
880986600,96.21875,99,96.03125,98.9375
881591400,98.96875,99,94.90625,95.75
882196200,96.25,97.875,92.375,94.78125
882801000,95.4375,95.90625,93.25,93.78125
883405800,94.59375,97.65625,94.4375,97.5625
884010600,97.84375,98.4375,91.90625,92.3125
884615400,91.125,96.6875,90.90625,96.3125
885220200,96.6875,98.01562,95,95.9375
885825000,96.375,99.5625,95.40625,98.3125
886429800,99.90625,101.625,99.71875,101.625
887034600,101.71875,102.9375,100.71875,102
887639400,102.8125,103.71875,102.15625,103.65625
888244200,104.25,105.53125,102.9375,105.125
888849000,105.25,105.9375,103.15625,105.9375
889453800,105.53125,108,105.25,107.09375
890058600,107.84375,110.1875,107.53125,109.875
890663400,109.71875,111.53125,109,109.625
891268200,109.625,112.8125,108.96875,112.59375
891869400,113.25,113.375,109.75,111.1875
892474200,111.375,112.4375,110,112.28125
893079000,112,113.4375,110.34375,110.8125
893683800,109.375,112.59375,107.625,112.59375
894288600,112.71875,113.3125,109.34375,111.125
894893400,111.5625,112.6875,110.34375,111.03125
895498200,110.71875,112.78125,109.82812,111.25
896103000,112.09375,112.09375,107.57812,109.03125
896707800,108.96875,112,107.875,112
897312600,111.9375,113.0625,108.25,110.4375
897917400,108.8125,111.78125,107.5,110.0625
898522200,110.25,114.4375,110.0625,113.6875
899127000,114.25,114.9375,113.0625,114.84375
899731800,114.78125,116.9375,114.5625,116.46875
900336600,116.5625,119,116.0625,118.5625
900941400,118.75,119.23437,112.875,114.09375
901546200,113.625,115,111.3125,111.78125
902151000,111.78125,112.42187,105.59375,109.125
902755800,108.75,109.65625,105.5,106.125
903360600,106,111.09375,105.5,108.5625
903965400,109.25,111.25,102.15625,103.375
904570200,103.75,104.01562,93.625,97.75
905175000,100.875,103.125,96.8125,101.6875
905779800,102.875,105.25,101.09375,102.09375
906384600,99.625,107,98.9375,104.25
906989400,105.3125,106.3125,97.21875,100.71875
907594200,99.59375,101.28125,92.21875,98.53125
908199000,100.625,107.25,98.75,106
908803800,105.6875,108.79687,105.5,106.84375
909412200,107.71875,110.90625,106.03125,110
910017000,110.8125,114.5625,110.1875,114.125
910621800,113.9375,114.25,111.6875,113.21875
911226600,114.21875,116.75,112.89062,116.625
911831400,117.46875,119.71875,117.15625,119.5
912436200,119.01562,119.375,115.09375,118.375
913041000,118.0625,119.75,115.5625,117.125
913645800,116.15625,119.125,113.75,118.5
914250600,119.25,123.25,119,122.6875
914855400,123.25,124.75,122,123.3125
915460200,123.375,128.29687,121.71875,127.75
916065000,127.6875,127.6875,120.375,124.375
916669800,125.29687,127.9375,121.78125,122.5625
917274600,123.28125,128.29687,121.90625,127.65625
917879400,128.6875,128.6875,123.21875,124.0625
918484200,125.09375,126.09375,121.32812,123.625
919089000,124.75,125.75,122.21875,124.25
919693800,124.4375,128.84375,122.6875,123.5625
920298600,123.65625,128.125,121.78125,127.54687
920903400,128.28125,131.1875,127.25,129.375
921508200,129.9375,132.625,129.5,129.6875
922113000,130.0625,130.59375,125.625,128.5625
922717800,129.15625,131.60937,128.125,129.34375
923319000,130.9375,135.5,130.25,134.875
923923800,133.46875,136.46875,131,131.53125
924528600,132.6875,136.75,128.375,135.8125
925133400,136.5,137.5,131.5,133.25
925738200,133.4375,135.84375,131.84375,135
926343000,134.84375,138,131.5,133.78125
926947800,133.625,135.59375,130.0625,133.34375
927552600,133.84375,133.84375,128,130.20312
928157400,130.125,133.35937,128.01562,133.21875
928762200,133.4375,134.1875,129.09375,129.8125
929367000,130.6875,135.5625,129.54687,134.3125
929971800,134.46875,135.25,130.65625,131.70312
930576600,132.6875,139.5,132.5,139.40625
931181400,139.25,140.75,138.51562,140.5
931786200,140.9375,142.15625,138.65625,141.8125
932391000,142.1875,142.25,135.125,135.75
932995800,134.875,137.3125,132.5625,132.75
933600600,132.75,134.75,128.84375,130.375
934205400,130.59375,133.25,127,133.15625
934810200,133.125,134.84375,131.6875,133.90625
935415000,134.8125,138.78125,134.65625,135.0625
936019800,135.34375,136.5,130.65625,135.96875
936624600,136.0625,136.625,133.6875,135.875
937229400,135.125,135.46875,130.3125,133.75
937834200,133.9375,134,126.3125,127.75
938439000,128.75,129.75,125.5625,128.46875
939043800,129.1875,133.875,128.6875,133.875
939648600,133.59375,134.125,124.5,124.875
940253400,124.9375,131.21875,123.4375,130.09375
940858200,129.3125,137.6875,127.8125,137
941466600,136.5,139.10937,134.59375,137.875
942071400,137,139.98437,136.07812,139.75
942676200,139.84375,143,139.40625,142.49609
943281000,142.4375,143,140,141.375
943885800,140.875,145.34375,139,143.84375
944490600,143.53125,143.71875,139.375,141.875
945095400,141.4375,143.3125,140.03125,142.6875
945700200,142.5625,146.48437,141.09375,146.48437
946305000,146.5,147.5625,145.0625,146.875
946909800,148.25,148.25,137.25,145.75
947514600,146.25,147.46875,142.875,146.96875
948205800,145.34375,146.96875,143.8125,144.4375
948724200,145.65625,145.84375,135.53125,135.875
949329000,135.8125,144,135,142.59375
949933800,142.5625,144.5625,138.03125,138.6875
950538600,139.78125,141.21875,134.625,135.3125
951229800,135.1875,137.46875,133.09375,133.32812
951748200,133.375,141.71875,132.71875,141.125
952353000,140.8125,142,135.03125,140.1875
952957800,136.6875,148,136.0625,146.9375
953562600,146.875,155.75,144.5,153.5625
954167400,153.375,153.78125,147.125,150.375
954768600,150.125,153,141.39062,151.4375
955373400,151.75,153.10937,133.5,138.375
955978200,135.1875,145.125,134.6875,143.8125
956583000,141.5,148.75,140.5,145.09375
957187800,146.5625,148.48437,139.78125,143.53125
957792600,142.75,143.46875,137.75,142.8125
958397400,142.75,147.71875,140.40625,141.125
959002200,141.25,141.8125,136.5,138
959693400,140,149.09375,139.46875,147.84375
960211800,147.46875,148.21875,145.625,146.59375
960816600,146.96875,148.875,144.625,146.59375
961421400,146.46875,149.15625,143.875,144.375
962026200,145.375,146.98437,143.51562,145.28125
962631000,145.4375,148.78125,144.21875,148.09375
963235800,147.875,151.25,147.15625,151.25
963840600,150.98437,151.98437,147.6875,147.6875
964445400,148.125,148.85937,141.51562,142.09375
965050200,142.9375,146.71875,142.0625,146.375
965655000,146.71875,149.21875,145.5625,147.32812
966259800,147.78125,150.4375,147.0625,149.6875
966864600,150.03125,151.625,149.28125,151.25
967469400,151.25,153.59375,150.34375,152.375
968160600,151.875,152.20312,149.32812,149.8125
968679000,149.75,151.1875,146.03125,146.09375
969283800,146.375,146.96875,142.42187,145.28125
969888600,145.9375,146.32812,142.125,143.625
970493400,144.28125,145.75,139.75,141.0625
971098200,141.3125,141.3125,132.78125,137.5625
971703000,137.40625,141.1875,130.15625,139.90625
972307800,139.9375,141.9375,134.03125,139.28125
972916200,138.4375,143.90625,138.15625,142.78125
973521000,143.15625,144.29687,136.53125,136.625
974125800,135.625,140.10937,133.01562,136.64062
974730600,135.75,136.375,132.125,134.84375
975335400,136.46875,136.6875,129.75,132.21875
975940200,131.875,139.125,131.5,133.96875
976545000,137.375,139.5625,130.5625,130.96875
977149800,132.0625,134.96875,125.53125,130.9375
977841000,130.84375,134.28125,130.28125,131.1875
978445800,132,136,127.5625,129.1875
978964200,129.875,133.71875,127.6875,132
979655400,132,136.1875,131.51562,134.01562
980173800,134.25,137.3125,133.5625,135.875
980778600,135.5,138.7,134.75,134.8
981383400,134.8,136.7,131.25999,131.84
981988200,131.7,134.17,129.3,130.39999
982679400,131.03999,131.14,121.8,124.96001
983197800,125.8,127.84,121.75,123.61
983802600,124.14999,127.75,123.11,123.36
984407400,122.34,122.5,114.81,115.00999
985012200,115.75999,118.46001,108.03999,114.48
985617000,115.7,118.64999,109.34,116.69
986218200,116.3,117.38,109.3,113.3
986823000,114,118.99001,112.78,118.85001
987427800,118.28999,126,116.91,124.5
988032600,123.64999,125.84,120.95,125.78
988637400,126.45,127.69,123.44,127.34
989242200,126.86,127.5,124.39999,125.14999
989847000,124.89999,130.08,124.46001,129.74001
990451800,129.84,132.09,127.89999,128.10001
991143000,128.226,128.35001,125,126.73
991661400,126.8,129.23,126.08,127
992266200,126.71001,126.99001,120.39999,121.85001
992871000,121.64999,124.31,120.89,122.85001
993475800,123.28,124.00999,120.571,122.60001
994080600,122.8,124.32001,119.05,119.05
994685400,119.491,122.32001,117.09,122.24001
995290200,121.77,122.98,119.83,121.34
995895000,121.8,121.88,116.75,120.81
996499800,121.19,123.25,120.3,121.94
997104600,121.35001,121.50999,117.34,119.28999
997709400,119.60001,120.35001,116.00999,116.75
998314200,116.8,119.13,115.78,119.02
998919000,118.97,119.2,112.03999,114.14999
999610200,113.85001,116.17,108.63,108.72
1000128600,107.7,110.35001,107.7,110.05
1000733400,101,106.39999,93.8,97.28
1001338200,99.729,109.92,99.06,104.44
1001943000,103.89999,108.97,102.83,107.23
1002547800,106.27901,110.3,105.52,109.5
1003152600,108.63,111.14999,106.00999,107.35001
1003757400,107.3,111.78999,106.74001,110.32001
1004365800,110.16,110.55,105.56,109.25
1004970600,110.12,114.08,109.85001,112.72
1005575400,111,115.39999,110,114.36
1006180200,114.92,115.85001,113.50999,115.67999
1006785000,115.75,116.89999,113,114.05
1007389800,113.64999,118,113.00999,116.56
1007994600,115.85001,116.39,112,113.13
1008599400,112.99001,115.92,112.89999,114.95
1009204200,114.83,116.75,114.61,116
1009809000,116.14999,117.98,113.81,117.62
1010413800,117.7,117.99001,114.7,114.94
1011018600,114.64999,115.39,112.67,113.14999
1011709800,113.75,114.25,112.02,113.55
1012228200,113.89999,114.19,108.39999,112.64999
1012833000,112.23,112.23,108,110.09
1013437800,110.05,112.97,109.82001,110.89
1014129000,110.14999,110.63,107.82001,109.64
1014647400,109.748,113.85001,109.7,113.74001
1015252200,113.901,117.907,113.64999,116.99001
1015857000,116.89101,117.89999,115.63,116.64999
1016461800,117.10001,117.74001,114.12,115.03999
1017066600,115.091,115.77,113.3,114.52
1017671400,114.23,115.10001,112.16,112.69
1018272600,111.32001,113.53999,110.03999,111.42
1018877400,111.62,113.67,110.2,112.88
1019482200,112.38,112.42999,107.28999,107.39
1020087000,107.931,109.91,106.63,107.58
1020691800,107.647,109.36,104.89999,105.72
1021296600,106.22,111.25,105.799,110.89999
1021901400,110.64,110.69,108,108.69
1022592600,109.05,109.13,105.89999,107.22
1023111000,107.09,107.60001,101.72,103.34
1023715800,103.243,104.53999,98.5,101.39999
1024320600,101.92101,105.03,98.687,99.28
1024925400,98.61,100.89,95.19501,98.96001
1025530200,99.187,99.8,93.72701,99.31
1026135000,98.98,99.7,90.32001,91.85001
1026739800,91.64301,93.3,84.3,84.71001
1027344600,84.10699,85.92999,77.67999,85.60001
1027949400,87.508,91.55,85.62,86.78999
1028554200,86.498,91.94,83.55,91.28999
1029159000,89.99699,94.08,88.02,93.22
1029763800,93.46001,97.14999,93.10001,94.60001
1030368600,94.91,96.25,90.81,91.78
1031059800,90.735,91,87.5,90
1031578200,89.10001,93.33,88.25,89.67
1032183000,89.317,91.19,84.05,84.35001
1032787800,83.64999,85.97,81.85001,82.75
1033392600,82,85.77,79.58,80.8
1033997400,80.065,84.73,77.07001,84.16
1034602200,83.2,89.3,83.03999,88.64
1035207000,88.121,90.89999,87.57001,90.2
1035815400,91.14999,91.28999,87,90.27
1036420200,91.8,93.07001,89.52,89.64999
1037025000,89.515,91.55,87.45,91.39999
1037629800,92.14999,94.27,89.75999,93.42
1038234600,93.42999,94.95,91.62,93.98
1038839400,95.47,96.05,89.98,92.03
1039444200,91.07001,91.62,89.27,89.34
1040049000,89.82001,91.78999,88.60001,89.99001
1040653800,89.59,90.61,87.38,87.38
1041258600,87.797,91.38699,87.11,91.35001
1041863400,91.24001,93.64,91.05,93.06
1042468200,93.53999,93.86,90.14999,90.66
1043159400,90.87,90.92,86.17,86.38
1043677800,85.73,87.17999,84.14999,86.06
1044282600,86.14,86.817,82.97,83.42
1044887400,83.466,84.707,81,84.14999
1045578600,84.53,85.8,83.46001,85.17999
1046097000,84.92999,85.23,82.22,84.89999
1046701800,85.25999,85.78,81.42999,83.32001
1047306600,82.60001,84.77,79.383,84.13
1047911400,83.46001,89.88,83.22,89.67
1048516200,88.02,88.25999,85.99001,86.71001
1049121000,85.35001,88.99001,84.39999,88.22
1049722200,90.34,90.85001,85.71001,87.14999
1050327000,87.47,90.06599,87,89.56
1050931800,89.86,92.35001,88.89,90.23
1051536600,90.44,93.47,90.3,93.21001
1052141400,93.47,94.38,92.28,93.73
1052746200,93.5,95.45,93.28,94.87
1053351000,94.14999,94.8905,91.597,93.75999
1054042200,93.3,97.09,93.17999,96.95
1054560600,97.53,101.39999,96.67,99.25999
1055165400,98.769,100.89999,97.77,99.56
1055770200,99.96001,102.179,99.42,99.44
1056375000,99.45,99.66,96.96001,97.66
1056979800,98.22,99.85001,96.42999,98.74001
1057584600,99.653,101.39999,98.63,100.24001
1058189400,101.2,101.89999,98.16,99.50999
1058794200,99.45,100.34,97.85001,100.23
1059399000,100.37,100.98,98.24001,98.50999
1060003800,98.31,99,96.34,98.28
1060608600,98.25999,99.849,97.84,99.62
1061213400,99.92999,101.81799,99.73,99.77
1061818200,99.71001,101.48,98.83,101.44
1062509400,101.64,103.7,101.05,102.83
1063027800,103.03999,103.88,101.35001,102.45
1063632600,102.52,104.7,101.95,103.67
1064237400,102.85001,103.28999,99.84599,99.95
1064842200,100.3,104.28,99.25,103.39
1065447000,103.48199,105.22,102.91,104.57001
1066051800,104.715,105.89,103.98,104.25999
1066656600,104.44701,105.28,102.17999,103.58
1067265000,103.74001,105.97,103.27,105.3
1067869800,105.75,106.72,104.89999,105.61
1068474600,105.74001,106.95,104.8,105.46001
1069079400,104.91,105.45,103.62,104.21001
1069684200,104.69,106.66,104.67999,106.45
1070289000,106.92999,108.08,106.62,106.85001
1070893800,106.74001,108.2,105.96001,108.14
1071498600,109.17,109.73,107.48,108.89999
1072103400,108.83,110.08,108.78,109.7
1072708200,110.10001,112.19,109.7843,111.23
1073313000,111.78,113.5,111.59,112.39
1073917800,112.55,114.31,111.75999,114.23
1074609000,114.53,115.38,113.72,114.42999
1075127400,114.44,116.5,112.56,113.48
1075732200,113.7,114.7,112.78,114.45
1076337000,114.67,116.39,114.17,115.13
1077028200,115.85001,116.60001,114.32001,114.88
1077546600,115.22,115.74001,113.89999,115.02
1078151400,115.42999,116.97,114.92,116.38
1078756200,116.34,116.62,111.10001,112.58
1079361000,112.27,113.27,110.84,111.06
1079965800,110.53999,111.78999,108.85001,111.03
1080570600,111.63,114.84,111.58,114.64
1081171800,114.46001,115.41,113.74001,114.37
1081776600,114.58,115.3,112.36,113.83
1082381400,113.57001,114.67,111.78,114.36
1082986200,114.5,115.12,110.89999,110.96001
1083591000,111.37,113.25999,109.96001,109.96001
1084195800,109.44,110.81,108.06,110.03999
1084800600,108.89,111.17999,108.41,109.81
1085405400,110.53,113.03,109.60001,112.86
1086096600,112.46001,113.58,111.87,112.98
1086615000,113.5,114.92,113.42,114.35001
1087219800,113.82001,114.44501,112.87,113.63
1087824600,113.75,114.94,112.67,113.84
1088429400,114.53,114.78999,112.58,112.88
1089120600,112.37,112.57001,111.2,111.73
1089639000,111.52,112.39,110.44,110.71001
1090243800,110.75,112.06,108.69,108.96001
1090848600,109.21001,110.89999,108.21001,110.84
1091453400,110.19,113.61,106.62,106.85001
1092058200,107.02,108.41,106.59,107.19
1092663000,107.14,110.63,107.10001,110.48
1093267800,110.55,111.63,109.85001,111.45
1093872600,111.23,112.82001,110.10001,112.12
1094563800,112.53999,113.27,112.03,113.06
1095082200,113.31,113.74001,112.67999,113.14999
1095687000,112.67,113.47,110.95,111.46001
1096291800,111.10001,113.64999,110.41,113.64999
1096896600,114.09,114.67999,112.35001,112.50999
1097501400,112.78,113.07001,110.57001,111.25999
1098106200,110.89,112.23,109.75,109.99001
1098711000,109.75,113.64,109.35001,113.2
1099319400,113.56,117.64,113.2,117.28
1099924200,116.98,119,116.72,118.78999
1100529000,118.5,119.14,117.14,117.42
1101133800,117.17,118.98,117.03,118.35001
1101738600,118.78999,120.14,117.48,119.25
1102343400,119.21001,119.64,117.73,119.33
1102948200,119.75999,121.24001,119.16,119.44
1103553000,119.75,121.28,119.07001,120.77
1104157800,121.2,121.66,120.39,120.87
1104762600,121.56,121.75999,118,118.44
1105367400,118.34,119.46001,117.5,118.24001
1106058600,118.05,119.62,116.64999,116.78
1106577000,117.09,117.75,116.37,117.42999
1107181800,117.97,120.42999,117.71001,120.23
1107786600,120.25,121.03999,119.25,120.77
1108391400,120.69,121.46001,119.89999,120.39
1109082600,119.89999,121.67,118.58,121.42999
1109601000,121.14999,122.83,120.03999,122.73
1110205800,122.66,123.25,120.16,120.39
1110810600,120.61,121.46001,118.14999,118.53999
1111415400,118.71001,118.92999,116.75,117.14
1112020200,117.42,118.99001,116.25,117.42999
1112621400,117.36,119.25999,116.74001,118
1113226200,118.28999,119.06,114.10001,114.14999
1113831000,114.12,116.5,113.55,115.57001
1114435800,115.86,116.77,113.97,115.75
1115040600,116.07001,118,115.52,117.09
1115645400,117.21001,118.08,114.8,115.72
1116250200,115.7,119.41,115.66,119.12
1116855000,119.21001,120.25,118.83,120.25
1117546200,120.08,120.92,119.39999,120.14999
1118064600,120.02,121.25,119.44,120.2
1118669400,119.94,121.89999,119.81,121.36
1119274200,121.08,121.94,118.84,118.98
1119879000,118.97,120.39999,118.75,119.53
1120570200,119.25,121.32001,118.25999,121.32001
1121088600,121.33,123.44,121.31,122.84
1121693400,122.5,123.73,122.05,123.53999
1122298200,123.41,124.64,122.37,123.74001
1122903000,123.83,124.74001,122.67,122.88
1123507800,123.17,124.5,122.38,123.06
1124112600,123.22,123.87,121.84,122.47
1124717400,122.58,123.23,120.67999,120.75999
1125322200,120.41,123.14999,120.38,122.27
1126013400,122.66,124.74001,122.64999,124.60001
1126531800,124.45,124.67,122.87,123.5
1127136600,123.47,123.61,120.44,121.44
1127741400,122.02,123.03999,121.02,123.03999
1128346200,122.96001,123.34,118.17,119.61
1128951000,119.67999,119.71001,116.88,118.67
1129555800,118.77,119.81,117.12,118.13
1130160600,118.44,120.53999,117.92999,119.8
1130769000,120.28999,122.66,120.13,122.11
1131373800,122.39999,123.86,121.75,123.75999
1131978600,123.75999,125.756,122.86,125.13
1132583400,125.14999,127.41,124.98,127.13
1133188200,127.25,127.27,125.28999,126.85001
1133793000,126.64,127.74001,125.48,126.33
1134397800,126.71001,128.57001,125.96001,126.36
1135002600,126.73,126.87,125.48,126.75999
1135693800,126.92,127.05,124.36,124.50999
1136298600,125.10001,128.58,124.39,128.44
1136817000,128.42,129.44,128.2,128.67999
1137508200,128.2,128.89999,125.97,125.97
1138026600,126.21001,128.66,125.84,128.53999
1138631400,128.44,128.81,126.14,126.27
1139236200,126.44,128.10001,125.39999,126.64
1139841000,126.57001,129.21001,123.64,128.81
1140532200,129.12,129.64999,128.28,129.41
1141050600,129.39999,130.07001,128.13,128.75999
1141655400,129.14,129.17999,127.17999,128.59
1142260200,128.84,131.47,128.53,130.62
1142865000,130.64,130.99001,129.45,130.21001
1143469800,130.03,130.98,129.05,129.83
1144071000,130.07001,131.39999,129.35001,129.53999
1144675800,129.71001,130.08,128.25,128.71001
1145280600,128.78999,131.86,128.02,131.14999
1145885400,130.92999,131.75,129.59,131.47
1146490200,131.47,132.8,130.32001,132.52
1147095000,132.50999,132.77,129.19,129.24001
1147699800,128.78999,130,125.8,127.10001
1148304600,126.28,128.38,124.75999,128.38
1148995800,127.97,129.42999,126.05,129
1149514200,128.78999,128.86,123.87,125.35001
1150119000,125.88,126.36,122.34,124.64999
1150723800,125.39999,125.7,123.55,124.44
1151328600,124.53999,127.66,123.64999,127.23
1151933400,127.42999,128.00999,126.28999,126.61
1152538200,126.94,127.42999,122.83,123.52
1153143000,123.5,126.3,122.39,123.95
1153747800,124.44,128.14,124.44,127.98
1154352600,127.66,129.42999,126.55,128.2
1154957400,127.89999,128.60001,126.28,127.00999
1155562200,127.63,130.69,126.92,130.69
1156167000,130.17999,130.52,129.19,129.81
1156771800,129.64999,131.58,129.64,131.42
1157463000,131.50999,131.85001,129.35001,130.28
1157981400,129.86,132.45,129.48,131.96001
1158586200,131.78999,132.77,131,131.47
1159191000,131.73,133.99001,131.05,133.58
1159795800,133.53999,135.41,132.34,135.00999
1160400600,134.85001,136.71001,134.3,136.63
1161005400,136.52,137.37,135.67,136.84
1161610200,136.56,139,136.39,137.91
1162218600,137.66,138.31,135.62,136.53999
1162823400,136.96001,139.14,136.86,138.24001
1163428200,138.17999,140.67999,138.07001,140.42
1164033000,140.3,141.16,139.94099,140.35001
1164637800,140.28,141.05,138.11,140.22
1165242600,140.25,142.3,140.23,141.42
1165847400,141.42,143.24001,140.89,142.34
1166452200,142.53999,142.88,140.67,140.75
1167143400,140.81,142.7,140.78,141.62
1167834600,142.25,142.86,140.38,140.53999
1168266600,140.82001,143.24001,140.25,143.24001
1168957800,143.07001,143.46001,142.31,142.82001
1169476200,143.07001,143.98,141.58,142.16
1170081000,142.19,144.95,141.74001,144.81
1170685800,144.7,145.36,143.39,143.94
1171290600,143.94,145.95,143.19,145.73
1171981800,145.56,146.42,144.06,145.3
1172500200,145.83,145.95,138.05,138.67
1173105000,137.92999,141.42,137.33,140.78
1173706200,140.42,141.34,136.75,138.53
1174311000,139.25999,143.81,138.5466,143.39
1174915800,143.5,143.64999,140.56,142
1175520600,142.16,144.44,140.89,144.24001
1176125400,144.64999,145.32001,143.34,145.32001
1176730200,145.83,148.62,145.82001,148.62
1177335000,148.37,149.8,147.32001,149.53
1177939800,149.64,151.12,147.67,150.92
1178544600,150.88,152.82001,149.27,150.86
1179149400,150.86,152.62,149.78999,152.62
1179754200,152.58,153.5,150.74001,151.69
1180445400,151.94,154.39999,151.34,154.08
1180963800,153.53999,154.39,149.06,151.03999
1181568600,150.92999,153.66,149.55,153.07001
1182173400,153.38,153.58,149.85001,150.55
1182778200,150.24001,151.64999,148.06,150.42999
1183383000,150.87,153.17,150.77,152.98
1183987800,153.16,155.46001,150.52,154.85001
1184592600,154.99001,156,152.28999,153.5
1185197400,154.17999,154.72,145.05,145.11
1185802200,145.92999,149.46001,143.2,143.8
1186407000,144.21001,150.59,142.53,144.71001
1187011800,146.5,148.35001,137,144.71001
1187616600,145.17,148.33,143.28999,148.33
1188221400,147.85001,148.5,143.46001,147.59
1188912600,147.45,149.98,145.25999,146.07001
1189431000,146.52,149.45,144.33,148.89999
1190035800,148.31,154.39,147.63,151.97
1190640600,152.42,153.19,150.47,152.58
1191245400,152.60001,156.10001,152.5,155.85001
1191850200,155.39,157.52,154.53999,156.33
1192455000,156.27,156.48,149.66,149.67
1193059800,148.86,153.62,148,153.62
1193664600,153.92999,155.27,149.21001,151.2
1194273000,149.64,152.11,144.89,145.14
1194877800,145.21001,149.39999,143.7,145.78999
1195482600,145.28,145.53,141.67,144.13
1196087400,144.42999,149.87,140.66,148.66
1196692200,148.19,151.5,146.31,150.91
1197297000,151.28,152.89,147.10001,147.17
1197901800,146.61,148.42,143.96001,148.13
1198506600,148.82001,149.67999,146.89999,147.3
1199111400,147.10001,147.6062,140.91,141.31
1199716200,141.81,142.89999,137.7,140.14999
1200321000,141.16,141.86,131.10001,132.06
1201012200,127.21001,136.75999,126,133.03999
1201530600,133.25999,139.61,132.06,139.58
1202135400,139.21001,139.3,131.73,133.07001
1202740200,133.10001,137.10001,132.03999,135.14
1203431400,136.69,137.60001,132.86,135.62
1203949800,135.53999,139.14,132.78,133.82001
1204554600,133.14,134.77,128.58,129.71001
1205155800,129.81,133.77,127.59,129.61
1205760600,126.57001,134.64999,126.07001,132.08
1206365400,133.31,135.81,131.06,131.50999
1206970200,131.28999,137.96001,131.09,136.89
1207575000,137.87,138.57001,133.00999,133.38
1208179800,133.19,139.56,132.33,138.48
1208784600,138.23,139.89,136.64,139.60001
1209389400,139.88,142.37,138.25999,141.50999
1209994200,141.05,142.2,138.45,138.89999
1210599000,139.25,142.87,138.73,142.66
1211203800,142.81,144.3,137.52,137.64
1211895000,137.8,140.92999,137.53,140.35001
1212413400,139.83,140.89,136.22,136.28999
1213018200,136.86,137.5,133.52,136.14999
1213623000,135.55,137.12,131.22,131.58
1214227800,132.09,133.39999,127.035,127.53
1214832600,127.89,129.16,124.99001,126.31
1215437400,126.78999,127.74001,122.49001,123.84
1216042200,125.25999,126.41589,120.02,125.98
1216647000,126.50999,129.14999,124.85001,125.48
1217251800,125.50999,128.60001,123.42,126.16
1217856600,126.03999,129.92999,124.75999,129.37
1218461400,129.47,131.50999,127.67,130.17
1219066200,130.42999,130.48,126.34,129.64999
1219671000,128.8,130.34,126.58,128.78999
1220362200,130.03,130.71001,122,124.42
1220880600,128.03999,128.24001,121.60001,126.09
1221485400,121.63,128,113.8,124.12
1222090200,124.4505,124.75,117.78999,120.85001
1222695000,119.17999,121.17999,109.67999,110.34
1223299800,107.14999,107.62,83.58,88.5
1223904600,93.87,105.53,86.53999,93.21001
1224509400,95.35001,99.10001,84,87.03999
1225114200,85.97,98.57001,83.7,96.83
1225722600,96.78,100.86,90.06,93.86
1226327400,95.21001,95.53,82.09,86.62
1226932200,86.38,88.56,74.34,79.52
1227537000,81.92,90.13,80.3614,90.09
1228141800,87.50999,88.42,81.86,87.92999
1228746600,90.34,92.38,85.2,88.99001
1229351400,89.02,92.42999,86.28999,88.19
1229956200,88.58,88.67,85.49001,87.16
1230561000,87.24001,93.44,85.60001,92.96001
1231165800,92.63,94.5533,85.36,89.09
1231770600,88.84,88.91,81.72,85.06
1232461800,84.23,85.05901,80.05,83.11
1232980200,83.59,87.95,82.21001,82.83
1233585000,81.57001,87.34,77.73,86.979
1234189800,86.96001,87.74001,81.05,82.75999
1234881000,80.16,82.95799,75.77,77.42
1235399400,78.27,79.6667,73.81,73.92999
1236004200,72.52,73.9169,67.10001,68.92
1236605400,67.95,76.98,67.73,76.09
1237210200,76.96001,81,75.45,76.71001
1237815000,78.74001,83.3,78.31,81.61
1238419800,79.8,84.61,77.96001,84.25999
1239024600,83.34,85.82001,81.50999,85.81
1239629400,84.92,87.64999,83.61,87.08
1240234200,85.53999,87.31,82.75,86.66
1240839000,85.67999,89.02,84.75999,87.89
1241443800,88.55,93.22,88.38,92.98
1242048600,91.7,92.11,88.14999,88.71001
1242653400,89.55,92.8,88.25999,89.02
1243344600,88.36,93.7,88.32001,92.53
1243863000,93.67,95.67,87.53,94.55
1244467800,93.84,96.11,93.03999,95.08
1245072600,93.96001,94.02,90.83,92.03999
1245677400,91.14,92.24001,88.85001,91.84
1246282200,92.11,93.23,89.75999,89.81
1246887000,88.94,89.92999,87,87.96001
1247491800,88.31,94.50999,87.59,94.13
1248096600,94.67999,98.14,94.19,98.06
1248701400,97.88,99.83,96.98,98.81
1249306200,99.85001,102.03,99.31,101.202
1249911000,100.74001,101.61,99.46001,100.78999
1250515800,98.85001,103.13,98.11501,102.97
1251120600,103.39,104.35001,101.94,103.38
1251725400,102.37,103.24001,99.57001,102.06
1252416600,103,105.3,102.39,104.77
1252935000,103.88,108.06,103.14999,106.72
1253539800,105.89,108.03,104.09,104.45
1254144600,104.85001,107.02,101.99001,102.49001
1254749400,102.89999,107.25999,102.60001,107.25999
1255354200,107.75999,109.71001,106.75999,108.89
1255959000,109.07001,110.31,107.5,108.08
1256563800,108.2,109.31,103.44,103.56
1257172200,104.13,107.39999,103.08,107.13
1257777000,107.95,110.82001,107.87,109.62
1258381800,110.38,111.69,109.00999,109.42999
1258986600,110.72,111.74001,108.28999,109.57001
1259591400,109.48,112.38,108.12,111.00999
1260196200,110.91,111.53,109.02,111.11
1260801000,111.87,112.13,105.476,110.21001
1261405800,110.75999,112.60001,110.75999,112.48
1262010600,112.89999,113.03,111.39,111.44
1262615400,112.37,114.62,111.50999,114.57001
1263220200,115.08,115.14,113.2,113.64
1263911400,113.62,115.13,109.09,109.21001
1264429800,110.21001,110.47,107.22,107.39
1265034600,108.14999,110.59,104.58,106.66
1265639400,106.74001,108.25,105.80991,108.03999
1266330600,108.86,111.57001,107.821,111.14
1266849000,111.55,111.58,108.94,110.74001
1267453800,111.2,114.34,111.17,114.25
1268058600,114.25999,115.97,113.87,115.46001
1268659800,115.25999,117.48,114.60001,115.97
1269264600,115.31,118.1666,115.24001,116.582
1269869400,117.16991,118.25,116.61,117.8
1270474200,118.25,119.60001,117.60001,119.55
1271079000,119.7,121.5654,118.75,119.36
1271683800,119.00999,121.86,118.47,121.8125
1272288600,121.85001,122.12,118.25,118.8125
1272893400,119.38,120.67999,105,111.25999
1273498200,115.81,117.67999,112.87,113.89
1274103000,114.2,115.22,105.36121,109.11501
1274707800,108.52,110.8,104.38,109.369
1275399000,108.35001,111.06,106.465,106.82001
1275917400,107.2,109.75,104.64999,109.67999
1276522200,110.52,112.42,109.39999,111.729
1277127000,113.12,113.2,106.77,107.86749
1277731800,108.03,108.32001,101.13,102.2
1278423000,103.64,107.97,101.88,107.96001
1278941400,107.60001,110.09,106.45,106.66
1279546200,107.05,110.57001,105.82001,110.41
1280151000,110.60001,112.28999,108.98,110.27
1280755800,111.99001,113.11,110.92,112.392
1281360600,112.92,113.17999,107.60001,108.31
1281965400,107.57001,110.39,106.74989,107.53
1282570200,108.03999,108.57001,104.28999,106.86
1283175000,106.58,110.99001,104.49001,110.89
1283866200,110.37,111.67999,109.55,111.48199
1284384600,112.58,113.28999,111.98,112.49001
1284989400,112.88,114.89999,112.17999,114.82001
1285594200,114.86,115.78999,113.17999,114.61
1286199000,114.37,116.86,113.17999,116.53751
1286803800,116.72,118.55,115.64999,117.7
1287408600,117.74001,119.09,116.02,118.347
1288013400,119.14,119.75999,117.25999,118.49001
1288618200,119.07001,122.92,117.85001,122.72501
1289226600,122.34,122.95,119.64999,120.198
1289831400,120.58,121.05,117.59,120.28999
1290436200,119.69,120.24001,117.99001,118.8
1291041000,118.5,123.03,117.74001,122.89
1291645800,122.63,124.60001,122.41,124.48
1292250600,125.05,125.23,123.75,124.3
1292855400,124.64,125.82001,123.98,125.60001
1293460200,125.13,126.2,125.03999,125.75
1294065000,126.71001,127.83,125.6969,127.14
1294669800,126.58,129.33,126.2,129.3
1295361000,129.17999,129.64,127.13,128.37
1295879400,128.285,130.35001,127.50999,127.72
1296484200,128.07001,131.2,127.75,131.14999
1297089000,131.44,133.28,131.3,133.11
1297693800,133.03,134.69,132.3167,134.53
1298385000,133.12,134.56149,129.7,132.33
1298903400,132.82001,133.69,130.35001,132.47
1299508200,132.86,133.15939,129.49001,130.84
1300109400,129.99001,130.48,125.28,127.75999
1300714200,129.35001,131.87,128.32001,131.3
1301319000,131.58,133.77,130.44,133.14999
1301923800,133.42999,134,132.31,132.86
1302528600,133,133.45,130.27,132.03999
1303133400,130.59,133.84,129.50999,133.78
1303738200,133.67999,136.57001,133.2,136.42999
1304343000,137.07001,137.17999,133.02,134.2
1304947800,134.19,136.11,133.39,134.03999
1305552600,133.56,135.03,132.12,133.61
1306157400,131.98,133.87,131.38,133.50999
1306848600,134.77,134.9234,130.08,130.42
1307367000,130.09,130.36,127.25999,127.60001
1307971800,127.89,129.77,126.32001,127.05
1308576600,126.62,129.81,126.19,126.81
1309181400,126.89,134.10001,126.64,133.92
1309872600,133.78,135.7,133.11,134.39999
1310391000,132.75,133.22,130.67999,131.69
1310995800,131.08,134.82001,129.63,134.58
1311600600,133.3,134.49001,127.96671,129.33
1312205400,130.84,130.96001,116.86,120.08
1312810200,116.91,120.1218,110.27,118.12
1313415000,119.19,121.2,112.5,112.64
1314019800,115.17,119.39999,112.41,117.97
1314624600,119.56,123.50999,117.42999,117.85001
1315315800,114.39,120.94,114.38,115.92
1315834200,114.47,121.97,114.05,121.521
1316439000,119.53,121.99001,111.3,113.53999
1317043800,114.61,119.56,112.98,113.14999
1317648600,112.49001,117.245,107.42999,115.71001
1318253400,117.67999,122.60001,117.67,122.57001
1318858200,121.99001,124.12,119.2,123.97
1319463000,124.17,129.42,122.21001,128.60001
1320067800,127.16,128.6239,121.52,125.481
1320676200,125.39,128.02,122.86,126.66
1321281000,126.19,127.45,121.23,121.979
1321885800,120.2,120.35001,116.2,116.34
1322490600,119.53999,126.5,118.82001,124.86
1323095400,126.84,127.25999,123.64999,126.05
1323700200,124.95,125.57001,121.3,121.59
1324305000,122.06,126.42999,120.03,126.39
1324996200,126.17,126.82001,124.73,125.5
1325601000,127.75999,128.38,126.42999,127.71001
1326119400,128,129.7,127.41,128.84
1326810600,130.08,131.95,128.89571,131.53999
1327329000,131.50999,133.39999,130.60001,131.82001
1327933800,130.50999,134.62,130.06,134.53999
1328538600,133.98,135.59,133.64,134.36099
1329143400,135.32001,136.6275,134.25,136.41
1329834600,136.73,137.2,135.5,136.92999
1330353000,136.02,138.19,135.8,137.312
1330957800,137.10001,137.92999,134.36,137.57001
1331559000,137.55,140.78,137.09,140.3
1332163800,140.21001,141.28,138.55,139.64999
1332768600,140.64999,141.83,139.09,140.81
1333373400,140.64,142.21001,139.25999,139.78999
1333978200,138.03,139.84441,135.75999,137.14
1334583000,137.84,139.36,136.58,137.95
1335187800,136.53999,140.78999,135.94,140.39
1335792600,140.11,141.66,136.92,137
1336397400,136.50999,137.56,134.49001,135.61
1337002200,134.31,135.6144,129.55,129.74001
1337607000,130.16,133.23,129.95,132.10001
1338298200,133.16,133.92999,128.16,128.16
1338816600,128.39,133.53,127.13499,133.10001
1339421400,134.17,134.25999,131.16,134.14
1340026200,133.58,136.25,132.33,133.46001
1340631000,132.05,136.27,130.85001,136.105
1341235800,136.48,137.8,134.85001,135.49001
1341840600,135.38,136.23,132.60001,135.75
1342445400,135.44,138.17999,134.55,136.47
1343050200,134.47,139.07001,133.03,138.675
1343655000,138.52,139.64,135.58,139.349
1344259800,139.72,140.92,139.56,140.84
1344864600,140.60001,142.3,140.03999,142.17999
1345469400,141.98,143.09,140.22,141.50999
1346074200,141.89,142.08,140.19,141.16
1346765400,141.03999,144.39,140.13,144.33
1347283800,144.19,148.11,143.46001,147.24001
1347888600,146.94,147.19,145.63,145.87
1348493400,145.14999,146.24001,142.95,143.97
1349098200,144.52,147.16,143.83,146.14
1349703000,145.60001,146.12309,142.58,142.89
1350307800,143.23,146.52,142.77,143.3896
1350912600,143.14999,143.67,140.39,141.35001
1351517400,141.85001,143.72,140.67999,141.56
1352125800,141.35001,143.52,137.55,138.16
1352730600,138.59,139.25,134.7,136.37
1353335400,137.89999,141.39999,136.4057,141.35001
1353940200,140.64999,142.50999,139,142.155
1354545000,142.8,142.92,140.37,142.41499
1355149800,142.21001,144.55,141.88,142.1051
1355754600,142.47,145.58,141.94,142.78999
1356359400,142.48,142.71001,139.87,140.03
1356964200,139.66,146.61,139.53999,146.37
1357569000,145.85001,147.14999,144.98,147.07001
1358173800,146.89,148.49001,146.2,148.33
1358865000,148.33,150.25,147.98,150.25
1359383400,150.28999,151.42,149.50999,151.24001
1359988200,150.32001,151.89,149.42999,151.8
1360593000,151.74001,152.61,151.3938,152.11
1361284200,152.37,153.28,149.94,151.89
1361802600,152.63,152.87,148.73,152.11
1362407400,151.75999,155.64999,151.52,155.44
1363008600,155.325,156.8,155.13,155.83
1363613400,154.34,155.95,153.59,155.60001
1364218200,156.00999,156.85001,154.35001,156.67
1364823000,156.59,157.21001,153.77,155.158
1365427800,155.27,159.71001,154.75,158.8
1366032600,158,158.13,153.55,155.48
1366637400,155.78,159.27,154.75,158.24001
1367242200,158.67,161.88,158.10001,161.368
1367847000,161.49001,163.7,161.42,163.41
1368451800,163.2,167.03999,162.82001,166.94
1369056600,166.78,169.07001,163.94,165.308
1369747800,167.03999,167.78,163.13,163.44501
1370266200,163.83,165.10001,160.25,164.8
1370871000,165.31,165.39999,161.3,163.175
1371475800,164.28999,165.99001,157.47,159.07001
1372080600,157.41,161.82001,155.73,160.42
1372685400,161.25999,163.08,160.22,163.02
1373290200,163.86,167.9332,163.0838,167.50999
1373895000,167.97,169.27,167.07001,169.17
1374499800,169.41,169.86,167.52,169.11
1375104600,168.67999,170.9725,168.11,170.95
1375709400,170.57001,170.96001,168.55,169.31
1376314200,168.46001,169.89999,165.5,165.83
1376919000,165.64,166.83,164.19,166.62
1377523800,166.78999,167.3,163.05,163.64999
1378215000,165.23,166.98,163.7,166.03999
1378733400,166.45,169.56,166.45,169.33
1379338200,171.16,173.60001,170.03999,170.72
1379943000,170.49001,170.64999,168.47,168.909
1380547800,167.48,169.5,166.84,168.89
1381152600,167.42,170.32001,164.53,170.25999
1381757400,169.21001,174.50999,169.08,174.388
1382362200,174.45,176,173.96001,175.95
1382967000,175.89,177.51,175.22,176.21
1383575400,176.69,177.64,174.76,177.29
1384180200,177.12,180.12,176.09,180.05
1384785000,180.35,180.83,177.98,180.81
1385389800,181.13,181.75,180.37,181
1385994600,181.09,181.43,178.35,180.94
1386599400,181.47,181.67,177.76,178.11
1387204200,178.95,181.99,177.32,181.56
1387809000,182.41,184.18,182.065,183.845
1388413800,183.87,184.69,182.48,182.885
1389018600,183.47,184.22,182.08,184.14
1389623400,183.71,184.94,181.34,183.635
1390314600,184.7,184.77,178.83,178.89
1390833000,179.06,179.81,176.88,178.18
1391437800,177.95,179.87,173.71,179.68
1392042600,179.7,184.36,179.21,184.02
1392733800,184.19,184.95,182.6,183.89
1393252200,184.28,187.15,184.2,186.29
1393857000,184.69,188.96,183.75,188.26
1394458200,187.94,188.71,184.44,184.66
1395063000,185.59,189.0239,185.47,186.2
1395667800,186.82,187.34,183.9,185.49
1396272600,186.65,189.7,185.5216,186.4
1396877400,185.9,187.17,181.31,181.51
1397482200,182.93,186.91,181.44,186.39
1398087000,186.44,188.4,185.87,186.29
1398691800,187.05,189.14,184.96,188.06
1399296600,187.14,189.05,186.01,187.96
1399901400,188.76,190.42,186.48,188.05
1400506200,187.69,190.48,187.07,190.35
1401197400,191.05,192.8,190.95,192.68
1401715800,192.95,195.43,191.97,195.375
1402320600,195.35,196.05,193.11,194.13
1402925400,193.89,196.6,193.66,195.94
1403530200,195.97,196.5,194.13,195.82
1404135000,195.7,198.29,195.53,198.2
1404739800,197.82,197.98,195.06,196.61
1405344600,197.61,198.26,195.43,197.7099
1405949400,197.09,199.06,196.43,197.72
1406554200,197.76,198.45,191.57,192.5
1407159000,192.87,194.3,190.55,193.24
1407763800,193.965,196.65,192.94,195.72
1408368600,196.8,199.76,196.69,199.19
1408973400,200.14,200.82,199.1502,200.71
1409664600,200.97,201.58,199.41,201.11
1410183000,200.92,201.21,198.56,199.13
1410787800,199.16,201.899,198.38,200.7
1411392600,200.35,200.38,196.27,197.9
1411997400,196.2,198.3,192.35,196.52
1412602200,197.34,197.6,190.49,190.54
1413207000,190.46,191.15,181.92,188.47
1413811800,188.13,196.49,188.07,196.43
1414416600,195.73,201.82,195.03,201.66
1415025000,201.92,203.5999,200.06,203.34
1415629800,203.38,204.83,203.13,204.24
1416234600,203.85,207.8445,203.65,206.68
1416839400,207.17,207.87,206.8,207.2
1417444200,206.4,208.47,205.38,208
1418049000,207.52,208.12,200.85,200.89
1418653800,201.98,212.97,197.86,206.52
1419258600,206.75,208.85,206.46,208.44
1419863400,208.22,208.97,204.18,205.43
1420468200,204.17,206.42,198.855,204.25
1421073000,204.41,205.48,198.55,201.63
1421764200,202.4,206.26,200.17,204.97
1422282600,204.71,205.56,198.68,199.45
1422887400,200.05,207.24,197.86,205.55
1423492200,204.77,209.84,204.135,209.78
1424183400,209.4,211.33,208.73,211.239
1424701800,210.94,212.24,210.48,210.66
1425306600,210.78,212.06,207.1,207.5
1425907800,207.74,208.79,204.4,205.8272
1426512600,206.71,211.27,205.8641,210.41
1427117400,210.42,211.11,204.12,205.74
1427722200,206.98,208.61,204.51,206.435
1428327000,205.37,210.09,205.21,210.04
1428931800,209.87,211.04,207.01,207.95
1429536600,209.06,211.97,208.9,211.6499
1430141400,212.33,212.48,207.62,210.72
1430746200,211.23,212.02,206.76,211.62
1431351000,211.57,212.61,208.62,212.44
1431955800,212.24,213.78,212.16,212.99
1432647000,212.4,212.98,210.2,211.14
1433165400,211.94,212.67,208.98,209.77
1433770200,209.64,212.09,207.69,210.01
1434375000,208.64,213.34,207.79,210.81
1434979800,211.905,212.59,209.16,209.82
1435584600,208.045,209.828,205.28,207.31
1436189400,205.77,208.17,204.11,207.48
1436794200,208.99,212.55,208.94,212.48
1437399000,212.75,213.18,207.6,208
1438003800,206.94,211.45,206.26,210.5
1438608600,210.46,211.31,206.87,207.95
1439213400,209.28,210.67,205.36,209.42
1439818200,208.71,210.68,197.52,197.63
1440423000,187.49,199.835,182.4,199.28
1441027800,198.11,199.125,190.73,192.59
1441719000,195.94,199.47,194.25,196.74
1442237400,196.95,202.89,194.96,195.45
1442842200,196.44,197.68,190.56,192.85
1443447000,191.78,195.03,186.93,195
1444051800,196.46,201.9,196.33,201.33
1444656600,201.42,203.29,198.94,203.27
1445261400,202.5,207.95,201.65,207.51
1445866200,207.3,209.44,205.79,207.93
1446474600,208.32,211.66,208.17,210.04
1447079400,209.31,209.49,202.435,202.54
1447684200,202.32,210.12,202.18,209.3108
1448289000,209.38,209.98,207.41,209.56
1448893800,209.75,211,204.7511,209.62
1449498600,209.23,209.7295,201.51,201.88
1450103400,202.07,208.48,199.83,200.0208
1450708200,201.41,206.33,200.09,205.68
1451313000,204.86,207.79,203.87,203.87
1451917800,200.49,201.9,191.58,191.923
1452522600,193.01,194.86,185.52,187.81
1453213800,189.96,190.76,181.02,190.52
1453732200,189.92,193.88,187.06,193.7208
1454337000,192.53,194.58,187.1,187.95
1454941800,185.77,188.34,181.09,186.63
1455633000,188.77,193.32,187.63,192
1456151400,193.87,196.68,189.32,195.0892
1456756200,195.11,201.35,193.33,200.43
1457361000,199.34,202.81,197.38,202.76
1457962200,202.16,205.23,201.05,204.38
1458567000,204.07,205.23,201.74,203.12
1459171800,203.61,207.14,202.4,206.92
1459776600,206.83,207.07,203.09,204.4992
1460381400,205.25,208.6,203.7,207.78
1460986200,207.14,210.92,207,208.97
1461591000,208.26,209.81,205.03,206.3308
1462195800,206.92,208.18,203.88,205.72
1462800600,205.57,208.54,204.38,204.76
1463405400,204.96,207.34,202.78,205.49
1464010200,205.51,210.25,204.985,210.24
1464701400,210.56,210.93,208.86,210.28
1465219800,210.7,212.52,209.43,210.07
1465824600,209.36,210.37,205.59,206.52
1466429400,208.82,210.87,202.72,203.13
1467034200,201.59,210.49,198.65,209.9208
1467725400,208.95,212.94,207.06,212.65
1468243800,213.19,217.0125,212.95,215.83
1468848600,215.97,217.37,215.63,217.24
1469453400,217,217.54,215.62,217.12
1470058200,217.19,218.23,214.25,218.18
1470663000,218.4,218.94,217.23,218.46
1471267800,218.89,219.5,217.02,218.54
1471872600,218.26,219.6,216.25,217.29
1472477400,217.44,218.87,216.03,218.37
1473168600,218.7,219.22,213.25,213.28
1473687000,212.39,216.81,212.31,213.37
1474291800,214.13,217.53,213.03,215.99
1474896600,215.02,217.12,213.62,216.3
1475501400,215.82,216.3,213.99,215.04
1476106200,216.155,216.7,211.21,213.12
1476711000,213.09,214.64,212.17,213.98
1477315800,215,215.32,211.71,212.54
1477920600,212.93,213.19,208.38,208.55
1478529000,211.45,218.31,211.3,216.42
1479133800,217.03,219.27,215.72,218.5
1479738600,219.17,221.56,219,221.52
1480343400,221.16,221.82,219.15,219.68
1480948200,220.65,226.53,220.42,226.51
1481553000,226.4,228.34,224.67,225.04
1482157800,225.25,226.57,224.92,225.71
1482849000,226.02,226.73,222.73,223.53
1483453800,225.04,227.75,223.8837,227.21
1483972200,226.91,227.45,224.955,227.05
1484663400,226.31,227.31,225.41,226.74
1485181800,226.35,229.71,225.27,228.97
1485786600,228.17,229.55,226.32,229.34
1486391400,228.87,231.77,228.31,231.51
1486996200,232.08,235.155,232.05,235.09
1487687400,235.52,236.9,235.41,236.74
1488205800,236.64,240.32,236.015,238.42
1488810600,237.5,238.12,235.74,237.69
1489411800,237.62,239.44,236.19,237.03
1490016600,237.03,237.61,232.96,233.86
1490621400,231.93,236.52,231.61,235.74
1491226200,235.8,237.39,233.91,235.2
1491831000,235.36,236.255,232.51,232.51
1492435800,233.11,235.845,232.88,234.59
1493040600,237.18,239.53,236.61,238.08
1493645400,238.68,239.72,237.7,239.7
1494250200,239.75,240.19,238.13,238.98
1494855000,239.47,240.67,235.43,238.31
1495459800,238.9,242.08,238.82,241.71
1496151000,241.34,244.35,240.64,244.17
1496669400,243.97,245.01,241.95,243.41
1497274200,243.13,244.87,241.6337,242.64
1497879000,243.59,244.73,242.41,243.13
1498483800,243.9,244.38,239.955,241.8
1499088600,242.88,243.38,240.34,242.11
1499693400,241.95,245.97,240.85,245.56
1500298200,245.47,247.42,244.67,246.88
1500903000,246.79,248,245.68,246.91
1501507800,247.37,247.79,246.37,247.41
1502112600,247.49,248.91,243.7,244.12
1502717400,245.59,247.57,242.2,242.71
1503322200,242.64,245.62,241.83,244.56
1503927000,245.17,248.33,242.93,247.84
1504618200,247.26,247.52,244.95,246.58
1505136600,248.04,250.32,248.02,249.19
1505741400,249.61,250.19,248.92,249.44
1506346200,249.15,251.32,248.08,251.23
1506951000,251.49,254.7008,251.2926,254.37
1507555800,254.63,255.27,253.65,254.95
1508160600,255.21,257.14,254.35,257.11
1508765400,257.48,257.89,254,257.71
1509370200,257.07,258.5,256.19,258.45
1509978600,258.3,259.35,256.36,258.09
1510583400,257.31,259.04,255.63,257.86
1511188200,258.14,260.48,257.86,260.36
1511793000,260.41,266.05,260,264.46
1512397800,266.31,266.8,262.71,265.51
1513002600,265.58,267.56,265.39,266.51
1513607400,268.1,268.6,266.69,267.51
1514298600,267.05,268.55,266.64,266.86
1514903400,267.84,273.56,267.4,273.42
1515421800,273.31,278.11,272.92,277.92
1516113000,279.35,280.41,276.18,280.41
1516631400,280.17,286.6285,280.11,286.58
1517236200,285.93,286.43,275.41,275.45
1517841000,273.45,275.85,252.92,261.5
1518445800,263.83,275.32,261.6644,273.11
1519137000,272.03,274.72,269.64,274.71
1519655400,275.93,278.92,264.82,269.08
1520260200,267.73,278.87,267.61,278.87
1520861400,279.2,280.41,274.14,274.2
1521466200,273.35,273.38,257.83,258.05
1522071000,262.13,266.77,258.58,263.15
1522675800,262.55,266.64,254.67,259.72
1523280600,261.37,267.54,259.9356,265.15
1523885400,267,271.3,265.61,266.61
1524490200,267.26,267.9762,260.85,266.56
1525095000,267.26,267.89,259.05,266.02
1525699800,266.89,273.15,265.15,272.85
1526304600,273.34,274.08,270.03,271.33
1526909400,273.01,274.25,270.78,272.15
1527600600,270.31,273.94,267.76,273.6
1528119000,274.53,278.28,274.18,278.19
1528723800,278.44,279.48,275.35,277.13
1529328600,275.49,276.72,273.53,274.74
1529933400,273.44,273.865,268.49,271.28
1530538200,269.51,275.84,269.24,275.42
1531143000,276.55,279.93,276.5,279.59
1531747800,279.64,281.18,278.41,279.68
1532352600,279.45,284.37,279.06,281.42
1532957400,281.51,283.6577,279.16,283.6
1533562200,283.64,286.01,282.36,283.16
1534167000,283.47,285.5601,280.16,285.06
1534771800,285.57,287.67,285.06,287.51
1535376600,288.86,291.74,288.68,290.31
1536067800,289.84,290.21,286.71,287.6
1536586200,288.74,291.27,286.975,290.88
1537191000,290.82,293.94,289.03,291.99
1537795800,291.34,292.24,289.41,290.72
1538400600,292.11,293.21,286.22,287.82
1539005400,287.05,288.86,270.36,275.95
1539610200,275.55,281.15,274.3,276.25
1540215000,277,277.36,262.29,265.33
1540819800,268.8,275.23,259.85,271.89
1541428200,272.44,281.22,271.35,277.76
1542033000,277.19,277.46,267.0102,273.73
1542637800,273.05,273.38,263.07,263.25
1543242600,265.78,276.28,265.34,275.65
1543847400,280.28,280.4,262.44,263.57
1544452200,263.37,269,258.62,260.47
1545057000,259.4,260.65,239.98,240.7
1545661800,239.04,251.4,233.76,247.75
1546266600,249.56,253.11,243.67,252.39
1546871400,252.69,259.16,251.69,258.98
1547476200,256.86,266.98,256.41,266.46
1548167400,264.82,266.7,260.66,265.78
1548685800,263.39,271.2,261.79,270.06
1549290600,270.11,273.44,267.83,270.47
1549895400,271.2,277.41,270.03,277.37
1550586600,276.4813,279.36,276.345,279.14
1551105000,280.73,281.31,277.48,280.42
1551709800,281.6,281.87,272.42,274.46
1552311000,275.26,282.38,275.23,281.31
1552915800,281.55,285.18,279.18,279.25
1553520600,278.87,282.84,277.64,282.48
1554125400,284.7,288.63,284.4,288.57
1554730200,288.1,290.47,286.7,290.16
1555335000,290.24,291.425,288.66,290.02
1555939800,289.17,293.49,289.07,293.41
1556544600,293.51,294.95,289.52,294.03
1557149400,289.25,293.31,282.3,288.1
1557754200,282.42,289.21,279.93,285.84
1558359000,284.06,286.93,280.57,282.78
1559050200,283.09,284.15,275.24,275.27
1559568600,275.31,288.85,273.09,287.65
1560173400,289.37,291.4,287.815,289.26
1560778200,289.52,296.3093,289.18,294
1561383000,294.23,294.58,290.345,293
1561987800,296.68,298.82,294.33,298.46
1562592600,297.01,300.73,295.48,300.65
1563197400,301.13,301.13,296.7,297.17
1563802200,297.61,302.23,297.04,302.01
1564407000,301.88,301.93,290.9,292.62
1565011800,288.09,293.62,281.72,291.62
1565616600,289.96,294.15,282.39,288.85
1566221400,292.19,293.93,283.47,284.85
1566826200,287.27,294.2399,285.25,292.45
1567517400,290.57,298.83,289.27,298.05
1568035800,299.14,302.46,295.97,301.09
1568640600,299.84,302.63,297.41,298.28
1569245400,297.55,299.84,293.69,295.4
1569850200,295.97,298.455,284.82,294.35
1570455000,293.47,298.74,288.49,296.28
1571059800,295.93,300.24,295.57,297.97
1571664600,299.42,302.2,298.495,301.6
1572269400,302.94,306.19,301.73,306.14
1572877800,307.85,309.65,306.06,308.94
1573482600,307.42,311.84,307.27,311.79
1574087400,311.53,312.69,309.06,310.96
1574692200,311.98,315.48,311.98,314.31
1575297000,314.59,315.31,307.13,314.87
1575901800,314.44,318.67,312.81,317.32
1576506600,319.22,321.9742,319.17,320.73
1577111400,321.59,323.8,320.9,322.86
1577716200,322.95,324.89,320.15,322.41
1578321000,320.49,327.46,320.36,325.71
1578925800,326.39,332.18,325.92,331.95
1579617000,330.9,332.95,327.36,328.77
1580135400,323.03,328.63,320.73,321.73
1580740200,323.35,334.19,323.22,332.2
1581345000,331.23,338.12,331.19,337.6
1582036200,336.51,339.08,332.58,333.48
1582554600,323.14,325.85,285.54,296.26
1583159400,298.21,313.84,290.23,297.46
1583760600,275.3,288.52,247.68,269.32
1584365400,241.18,256.9,228.02,228.8
1584970200,228.19,262.8,218.26,253.42
1585575000,255.7,263.33,243.9,248.19
1586179800,257.84,281.2,248.1698,278.2
1586784600,277.14,287.3,271.41,286.64
1587389400,282.61,286.7912,272.02,282.97
1587994200,285.12,294.88,281.52,282.79
1588599000,280.74,292.95,279.13,292.44
1589203800,290.34,294.24,276.37,286.28
1589808600,293.05,297.87,291.95,295.44
1590499800,301.93,306.84,296.87,304.32
1591018200,303.62,321.275,303.06,319.34
1591623000,320.22,323.41,298.6,304.21
1592227800,298.02,315.64,296.74,308.64
1592832600,307.99,314.5,299.42,300.05
1593437400,301.41,315.7,298.93,312.23
1594042200,316.37,317.88,310.68,317.59
1594647000,320.13,323.04,312,321.72
1595251800,321.43,327.23,319.246,320.88
1595856600,321.63,326.63,319.64,326.52
1596461400,328.32,334.88,327.73,334.57
1597066200,335.06,338.28,332.01,336.84
1597671000,337.94,339.72,335.22,339.48
1598275800,342.12,350.72,339.4504,350.58
1598880600,350.35,358.75,334.87,342.57
1599571800,336.71,342.64,331,334.06
1600090200,337.49,343.06,327.97,330.65
1600695000,325.7,331.2,319.8,328.73
1601299800,333.22,338.74,331.19,333.84
1601904600,336.06,347.35,334.38,346.85
1602509400,349.59,354.02,343.13,347.29
1603114200,348.65,349.33,340.65,345.78
1603719000,342.13,342.98,322.6,326.54
1604327400,330.2,352.19,327.24,350.16
1604932200,363.97,364.38,350.51,358.1
1605537000,360.98,362.78,354.15,355.33
1606141800,357.28,364.18,354.865,363.67
1606746600,362.83,369.85,359.17,369.85
1607351400,369.02,371.05,363.26,366.3
1607956200,368.64,372.46,364.47,369.18
1608561000,364.97,378.46,362.03,369
1609165800,371.74,374.66,370.83,373.88
1609770600,375.31,381.49,364.82,381.26
1610375400,377.85,381.13,373.7,375.7
1611066600,378.34,384.95,376.75,382.88
1611585000,383.67,385.85,368.27,370.07
1612189800,373.72,388.47,370.376,387.71
1612794600,389.27,392.9,387.5,392.64
1613485800,393.96,394.17,387.74,390.03
1614004200,387.06,392.23,378.23,380.36
1614609000,385.59,390.92,371.88,383.63
1615213800,384.66,395.65,381.42,394.06
1615815000,394.33,398.12,387.15,389.48
1616419800,390.03,396.41,383.9,395.98
1617024600,394.4,400.67,392.81,400.61
1617629400,403.46,411.67,403.38,411.49
1618234200,410.85,417.91,410.2,417.26
1618839000,416.26,418.25,410.59,416.74
1619443800,417.44,420.72,416.3,417.3
1620048600,419.43,422.815,411.67,422.12
1620653400,422.5,422.74,404,416.58
1621258200,415.39,418.2,405.33,414.94
1621863000,417.34,421.25,417.08,420.04
1622554200,422.57,422.92,416.28,422.6
1623072600,422.59,424.63,420.32,424.31
1623677400,424.43,425.46,414.7,414.92
1624282200,416.8,427.0943,415.93,426.61
1624887000,427.17,434.1,425.89,433.72
1625578200,433.78,435.84,427.52,435.52
1626096600,435.43,437.92,430.92,431.34
1626701400,426.19,440.3,421.97,439.94
1627306200,439.31,441.8,435.99,438.51
1627911000,440.34,442.94,436.1,442.49
1628515800,442.46,445.94,441.31,445.92
1629120600,444.53,447.11,436.12,443.36
1629725400,445.16,450.65,443.4355,450.25
1630330200,450.97,454.05,450.71,453.08
1631021400,452.71,452.81,445.31,445.44
1631539800,448.64,448.92,441.02,441.4
1632144600,434.88,444.89,428.86,443.91
1632749400,442.81,444.05,427.23,434.24
1633354200,433,441.68,426.36,437.86
1633959000,437.16,446.26,431.54,445.87
1634563800,443.97,454.67,443.27,453.12
1635168600,454.28,459.56,452.39,459.25
1635773400,460.3,470.65,458.2,468.53
1636381800,469.7,470.23,462.04,467.27
1636986600,468.64,470.94,466.23,468.89
1637591400,470.89,473.54,457.77,458.97
1638196200,464.07,466.56,448.92,453.42
1638801000,456.13,470.9,453.56,470.74
1639405800,470.19,472.87,458.06,459.87
1640010600,454.48,472.19,451.14,470.6
1640615400,472.06,479,472.01,474.96
1641220200,476.3,479.98,464.65,466.09
1641825000,462.7,473.2,456.5973,464.72
1642516200,459.74,459.96,437.95,437.98
1643034600,432.03,444.04,420.76,441.95
1643639400,441.24,458.12,439.81,448.7
1644244200,449.51,457.88,438.94,440.46
1644849000,439.92,448.055,431.82,434.23
1645540200,431.89,437.84,410.64,437.75
1646058600,432.03,441.11,427.11,432.17
1646663400,431.55,432.3018,415.12,420.07
1647264600,420.89,444.86,415.79,444.52
1647869400,444.34,452.98,440.68,452.69
1648474200,452.06,462.07,449.14,452.92
1649079000,453.13,457.83,443.47,447.57
1649683800,444.11,445.75,436.6501,437.79
1650288600,436.81,450.01,425.44,426.04
1650893400,423.67,429.64,411.21,412
1651498200,412.07,429.66,405.02,411.34
1652103000,405.1,406.41,385.15,401.72
1652707800,399.98,408.57,380.54,389.63
1653312600,392.83,415.3801,386.96,415.26
1654003800,413.55,417.44,406.93,410.54
1654522200,414.78,416.609,389.75,389.8
1655127000,379.85,383.9,362.17,365.86
1655818200,371.89,390.09,370.18,390.08
1656336600,391.05,393.16,372.56,381.24
1657027800,375.88,390.64,372.9,388.67
1657546200,385.85,386.87,371.04,385.13
1658151000,388.38,400.18,380.66,395.09
1658755800,395.75,413.03,389.95,411.99
1659360600,409.15,415.68,406.82,413.47
1659965400,415.25,427.21,410.22,427.1
1660570200,424.765,431.73,421.22,422.14
1661175000,417.05,419.96,405.25,405.31
1661779800,402.2,405.84,390.04,392.24
1662471000,393.13,407.51,388.42,406.6
1662989400,408.78,411.73,382.11,385.56
1663594200,382.26,389.31,363.29,367.95
1664199000,366.41,372.3,357.04,357.18
1664803800,361.08,379.46,359.21,362.79
1665408600,363.96,370.26,348.11,357.63
1666013400,364.01,375.45,357.2808,374.29
1666618200,375.89,389.52,373.11,389.02
1667223000,386.44,390.39,368.79,376.35
1667831400,377.71,399.35,373.61,398.51
1668436200,396.66,402.31,390.14,396.03
1669041000,394.64,402.93,392.66,402.33
1669645800,399.09,410,393.3,406.91
1670250600,403.95,404.93,391.64,393.28
1670855400,394.11,410.49,381.04,383.27
1671460200,383.47,387.41,374.77,382.91
1672151400,382.79,384.35,376.42,382.43
1672756200,384.37,389.25,377.831,388.08
1673274600,390.37,399.1,386.27,398.5
1673965800,398.48,400.23,387.26,395.88
1674484200,396.72,408.16,393.56,405.68
1675089000,402.8,418.31,400.28,412.35
1675693800,409.79,416.49,405.01,408.04
1676298600,408.72,415.05,404.05,407.26
1676989800,403.06,404.16,393.64,396.38
1677508200,399.87,404.45,392.33,404.19
1678113000,405.05,407.45,384.32,385.91
1678714200,381.81,396.47,380.65,389.99
1679319000,390.8,402.49,389.4,395.75
1679923800,398.12,409.7,393.69,409.39
1680528600,408.85,411.92,405.678,409.19
1681133400,406.61,415.09,405.97,412.46
1681738200,412.37,415.72,410.17,412.2
1682343000,411.99,415.94,403.78,415.93
1682947800,415.47,417.62,403.74,412.63
1683552600,412.97,414.535,408.87,411.59
1684157400,412.22,420.72,410.23,418.62
1684762200,418.64,420.77,409.8795,420.02
1685453400,422.03,428.74,416.22,427.92
1685971800,428.28,431.99,425.82,429.9
1686576600,430.92,443.9,430.17,439.46
1687267800,437.45,438.37,432.47,433.21
1687786200,432.62,444.3,431.19,443.28
1688391000,442.92,444.08,437.06,438.55
1688995800,438.18,451.36,437.585,449.28
1689600600,449.13,456.43,449.08,452.18
1690205400,453.37,459.44,451.55,456.92
1690810200,457.41,458.16,446.27,446.81
1691415000,448.71,451.7,443.345,445.65
1692019800,444.7,448.11,433.01,436.5
1692624600,437.55,445.22,435,439.97
1693229400,442.24,453.67,439.9728,451.19
1693920600,450.73,451.06,442.75,445.52
1694439000,448.24,451.08,442.92,443.37
1695043800,443.05,444.97,429.99,430.42
1695648600,429.17,432.27,422.29,427.48
1696253400,426.62,431.125,420.18,429.54
1696858200,427.58,437.335,427.0101,431.5
1697463000,433.82,438.14,421.08,421.19
1698067800,419.61,424.82,409.21,410.68
1698672600,413.56,436.29,412.22,434.69
1699281000,435.47,440.93,433.4,440.61
1699885800,439.23,451.42,438.42,450.79
1700490600,450.53,456.38,450.52,455.3
1701095400,454.65,459.65,453.34,459.1
1701700200,455.6,460.745,454.31,460.2
1702305000,459.69,473.73,459.47,469.33
1702909800,470.98,475.895,467.82,473.65
1703601000,474.07,477.55,473.3,475.31
1704205800,472.16,473.67,466.43,467.92
1704724200,468.43,478.6,468.3,476.68
1705415400,475.26,482.72,469.87,482.43
1705933800,484.01,489.12,482.78,487.41
1706538600,487.73,496.05,482.86,494.35
1707143400,493.695,501.65,490.23,501.2
1707748200,501.17,503.5,490.715,499.51
1708439400,497.72,510.13,493.56,507.85
1708957800,508.3,513.29,504.75,512.85
1709562600,512.03,518.2201,504.91,511.72
1710163800,510.48,517.38,508.122,509.83
1710768600,514,524.11,511.12,521.21
1711373400,519.8,524.61,518.4,523.07
1711978200,523.83,524.38,512.755,518.43
1712583000,519.15,520.75,509.08,510.85
1713187800,515.13,515.3,493.86,495.16
1713792600,497.83,509.88,495.43,508.26
1714397400,510.09,512.55,499.55,511.29
1715002200,513.75,522.635,513.3,520.84
1715607000,522.56,531.5218,519.74,529.45
1716211800,529.57,533.07,524.72,529.44
1716903000,530.27,530.51,518.36,527.37
1717421400,529.02,536.89,522.6,534.01
1718026200,533.18,544.12,532.05,542.78
1718631000,542.08,550.12,541.6072,544.51
1719235800,544.33,550.28,542.44,544.22
1719840600,545.63,555.05,542.52,554.64
1720445400,555.44,563.67,554.19,559.99
1721050200,562.03,565.16,547.91,548.99
1721655000,553,556.735,537.45,544.44
1722259800,546.02,554.8688,528.6,532.9
1722864600,511.64,534.51,510.27,532.99
1723469400,534.21,555.02,530.95,554.31
1724074200,554.73,563.18,553.86,562.13
1724679000,563.18,564.2,555.04,563.68
1725370200,560.47,560.81,539.44,540.36
1725888600,544.65,563.03,539.96,562.01
1726493400,561.74,572.88,559.9,568.25
1727098200,569.34,574.71,567.6,571.47
1727703000,570.42,574.38,565.27,572.98
